index,folders,Execution time
0,AA,25.151671171188354
1,AA-AB,53.29660701751709
2,AA-AB-AC,74.16613793373108
3,AA-AB-AC-AD,97.07327651977539
