index,folders,Execution time
0,AA,25.151671171188354
1,AA-AB,53.29660701751709
2,AA-AB-AC,74.16613793373108
3,AA-AB-AC-AD,97.07327651977539
4,AA-AB-AC-AD-AE,112.31157636642456
5,AA-AB-AC-AD-AE-AF,122.40415716171265
6,AA-AB-AC-AD-AE-AF-AG,144.73711967468262
7,AA-AB-AC-AD-AE-AF-AG-AH,4316.72945857048
8,AA-AB-AC-AD-AE-AF-AG-AH-AI,163.3927562236786
9,AA-AB-AC-AD-AE-AF-AG-AH-AI-AJ,193.42797207832336
10,AA-AB-AC-AD-AE-AF-AG-AH-AI-AJ-AK,188.7926902770996
