index,folders,Execution time
0,AA,19.85985541343689
1,AA-AB,45.23785376548767
2,AA-AB-AC,63.96095657348633
3,AA-AB-AC-AD,80.09036684036255
4,AA-AB-AC-AD-AE,95.0795361995697
5,AA-AB-AC-AD-AE-AF,112.68680191040039
6,AA-AB-AC-AD-AE-AF-AG,134.6460862159729
7,AA-AB-AC-AD-AE-AF-AG-AH,154.17000651359558
8,AA-AB-AC-AD-AE-AF-AG-AH-AI,161.45215678215027
9,AA-AB-AC-AD-AE-AF-AG-AH-AI-AJ,180.97259998321533
10,AA-AB-AC-AD-AE-AF-AG-AH-AI-AJ-AK,191.0500133037567
